{
  "overall_metrics": {
    "accuracy": 0.48624312156078037,
    "precision": 0.7116457389705805,
    "recall": 0.48624312156078037,
    "f1_score": 0.47791860902370886,
    "total_samples": 1999
  },
  "class_metrics": {
    "Positive": {
      "precision": 0.8421052631578947,
      "recall": 0.15444015444015444,
      "f1_score": 0.26101141924959215,
      "support": 518
    },
    "Negative": {
      "precision": 0.9184397163120568,
      "recall": 0.5253549695740365,
      "f1_score": 0.6683870967741935,
      "support": 493
    },
    "Neutral": {
      "precision": 0.7463768115942029,
      "recall": 0.4015594541910331,
      "f1_score": 0.5221799746514575,
      "support": 513
    },
    "Mixed": {
      "precision": 0.31723625557206536,
      "recall": 0.8989473684210526,
      "f1_score": 0.46897309170785284,
      "support": 475
    }
  },
  "confusion_matrix": [
    [
      427,
      13,
      28,
      7
    ],
    [
      222,
      259,
      8,
      4
    ],
    [
      297,
      6,
      206,
      4
    ],
    [
      400,
      4,
      34,
      80
    ]
  ],
  "classification_report": {
    "Mixed": {
      "precision": 0.31723625557206536,
      "recall": 0.8989473684210526,
      "f1-score": 0.46897309170785284,
      "support": 475.0
    },
    "Negative": {
      "precision": 0.9184397163120568,
      "recall": 0.5253549695740365,
      "f1-score": 0.6683870967741935,
      "support": 493.0
    },
    "Neutral": {
      "precision": 0.7463768115942029,
      "recall": 0.4015594541910331,
      "f1-score": 0.5221799746514575,
      "support": 513.0
    },
    "Positive": {
      "precision": 0.8421052631578947,
      "recall": 0.15444015444015444,
      "f1-score": 0.26101141924959215,
      "support": 518.0
    },
    "accuracy": 0.48624312156078037,
    "macro avg": {
      "precision": 0.706039511659055,
      "recall": 0.49507548665656914,
      "f1-score": 0.480137895595774,
      "support": 1999.0
    },
    "weighted avg": {
      "precision": 0.7116457389705805,
      "recall": 0.48624312156078037,
      "f1-score": 0.47791860902370886,
      "support": 1999.0
    }
  }
}